Q_ID	Quote text	C_ID	Chapter 	country_region	tag:harm	tag:operational_impact	tag:response_strategy	tag:governance	Contribution id	url
1	…les informations préjudiciables n'ont pas directement entravé l'action humanitaire ; elles ne constituaient pas un obstacle à la fourniture de l'aide. Cependant, elles ont incontestablement eu un impact sur les personnes engagées dans la réponse, en créant une charge de travail extraordinaire consacrée à démentir, expliquer ou minimiser l'impact des informations préjudiciables, provoquant une détresse émotionnelle et même des doutes sur l'organisation, tant au sein de la société que parmi les membres de la Croix-Rouge espagnole, et en sapant la confiance du public, certains donateurs remettant en question l'intégrité de l'organisation.	1	CH1	Spain	Psychologique; Societal 	Efficacité des programmes et redevabilité 			1.1	/fr/reports/wdr26/chapitre-01#diffusion-dinformations-préjudiciables-lors-des-inondations-liées-à-une-dépression-isolée-à-des-niveaux-élevés-à-valence-espagne-en-2024-partie-1-sur-2
2	Les migrants ont également été visés par les informations préjudiciables – ces publications ont inévitablement alimenté la xénophobie – mais dans ce cas, ils étaient davantage utilisés comme un outil pour cibler la Croix-Rouge espagnole.	1	CH1	Spain	Social; Societal				1.1	/fr/reports/wdr26/chapitre-01#diffusion-dinformations-préjudiciables-lors-des-inondations-liées-à-une-dépression-isolée-à-des-niveaux-élevés-à-valence-espagne-en-2024-partie-1-sur-2
7	Se remettre de ce risque réputationnel nécessite bien plus que la gestion de l'image. Cela a exigé un effort à long terme pour renforcer l'indépendance institutionnelle, diversifier la gouvernance et regagner la confiance du public.	8	CH1	Bangladesh	Societal 				1.6	/fr/reports/wdr26/chapitre-01#un-échec-de-communication-et-un-moment-décisif
41	Lors de l'épidémie d'Ebola en Guinée en juillet 2014, le président de la Croix-Rouge de Guinée a averti que les violences contre les volontaires entravaient l'accès aux communautés affectées et perturbaient les inhumations dans la dignité. Ces attaques découlaient d'idées fausses et de la peur entourant Ebola, malgré les efforts déployés pour contrer les rumeurs par la radio, la télévision et l'engagement communautaire.	7	CH1	Guinea	Physique; Psychologique	Sécurité et sûreté du personnel et des volontaires; Contraintes d'accès et risques d'acceptation	Démystification et communication corrective		X.1	/fr/reports/wdr26/chapitre-01#-de-la-diffusion-à-la-communication-bidirectionnelle:~:text=Lors%20de%20l%E2%80%99%C3%A9pid%C3%A9mie%20d%E2%80%99Ebola
45	des chiffres exagérés sur le montant et la valeur de l'aide internationale ont suscité des attentes excessives parmi les personnes affectées et les bénéficiaires, créant des difficultés de gestion.	6	CH1	Islamic Republic of Iran	Financier/économique/lié à la privation; Informationnel	Signaux de besoins et de demande faussés			1.5	/fr/reports/wdr26/chapitre-01#la-qualité-des-données-un-élément-fondamental-dans-la-gestion-des-catastrophes
46	des affirmations exagérées sur le montant de l'aide internationale ont semé le doute parmi les bailleurs potentiels quant à la nécessité de poursuivre les dons et contributions, compromettant ainsi la mobilisation des ressources mondiales et les efforts de collecte de fonds.	6	CH1	Islamic Republic of Iran	Financier/économique/lié à la privation	Efficacité des programmes et redevabilité			1.5	/fr/reports/wdr26/chapitre-01#la-qualité-des-données-un-élément-fondamental-dans-la-gestion-des-catastrophes
54	Des familles de réfugiés ont retardé ou précipité leur retour en Syrie sur la base de rumeurs circulant sur les réseaux sociaux concernant des fermetures de frontières ou de nouveaux programmes d'indemnisation de l'ONU, dont aucun ne pouvait être vérifié.	12	CH1	Lebanon, Syria	Informationnel	Signaux de besoins et de demande faussés			1.10	/fr/reports/wdr26/chapitre-01#limpact-des-informations-préjudiciables-sur-les-civils-réflexions-fondées-sur-deux-exemples
55	L'incertitude économique et la désillusion politique ont créé un terrain fertile pour les boucs émissaires. Les réfugiés étaient dépeints comme favorisés, les communautés d'accueil comme négligées, tandis que la mésinformation circulant dans les groupes WhatsApp attisait le ressentiment.	12	CH1	Lebanon	Social; Societal				1.10	/fr/reports/wdr26/chapitre-01#limpact-des-informations-préjudiciables-sur-les-civils-réflexions-fondées-sur-deux-exemples
56	Dans les deux pays, les enseignants, les militants et les travailleurs humanitaires qui faisaient autrefois office de passerelles d'information hésitent désormais à s'exprimer, craignant les représailles.	12	CH1	Lebanon, Sudan	Psychologique		Messagers de confiance et intermédiaires locaux	Liberté d'expression et droit à l'information	1.10	/fr/reports/wdr26/chapitre-01#limpact-des-informations-préjudiciables-sur-les-civils-réflexions-fondées-sur-deux-exemples
68	Les données de 2024 confirment que les conflits ont été, pour la deuxième année consécutive, le principal déclencheur des coupures d'Internet, avec un arsenal d'outils de plus en plus large déployé pour couper la connectivité – dispositifs de brouillage, coupure de câbles, destruction d'infrastructures et sabotage des fournisseurs d'accès à Internet.	13	CH1	Myanmar	Societal; Informationnel; Numérique/technologique			Liberté d'expression et droit à l'information	1.11	/fr/reports/wdr26/chapitre-01#laction-locale-dans-la-lutte-pour-la-connectivité-humanitaire
92	du Soudan à l'Ukraine, la mésinformation a entravé le passage en sécurité des civils, alimenté la méfiance locale envers les travailleurs humanitaires et conduit à des représailles violentes. Ces exemples soulignent que les coûts des informations préjudiciables ne sont pas abstraits – ils sont immédiats et parfois mortels. Attendre pour réagir, c'est arriver trop tard.	4	CH1	Sudan, Ukraine	Social; Societal; Physique	Sécurité et sûreté du personnel et des volontaires			1.3	/fr/reports/wdr26/chapitre-01#premiers-intervenants-dans-lécosystème-de-linformation-renforcer-la-résilience-face-aux-informations-dans-les-interventions-humanitaires
94	Au Soudan, des rumeurs ciblant des groupes déplacés ont conduit à leur exclusion des marchés, du logement et des emplois informels. Dans certaines zones, des secteurs d'activité entiers – comme la boucherie ou la vente de thé – ont été déstabilisés, la peur et la méfiance réduisant la participation et les revenus. Ces dynamiques ont aggravé les inégalités existantes et attisé les tensions intercommunautaires.	12	CH1	Sudan	Financier/économique/lié à la privation; Social				1.10	/fr/reports/wdr26/chapitre-01#limpact-des-informations-préjudiciables-sur-les-civils-réflexions-fondées-sur-deux-exemples
95	Quand le racisme fait suite à une catastrophe, il perturbe le deuil collectif, isole les survivants et compromet le rétablissement à long terme. Pour les communautés de la diaspora et les demandeurs d'asile, il renforce un sentiment de non-appartenance dans les pays où ils ont cherché refuge ou ont émigré.	10	CH1	Syria, Türkiye	Psychologique; Social				1.8	/fr/reports/wdr26/chapitre-01#racisme-en-ligne-et-santé-mentale-après-une-catastrophe
14	L'espace humanitaire rétrécissant n'est plus seulement une métaphore – c'est un phénomène numérique mesurable aux conséquences opérationnelles directes hors ligne.	21	CH2	Burkina Faso	Societal					
17	Comprendre ce qui favorise la confiance et comment la renforcer et la maintenir est désormais intégré à l'approche stratégique de la Croix-Rouge canadienne, depuis le niveau de gouvernance (conseil d'administration) jusqu'aux équipes de direction exécutive en charge des opérations, des relations avec les parties prenantes, de la philanthropie et des communications.	20	CH2	Canada				Réglementation et cadres de politique publique	2.4	/fr/reports/wdr26/chapitre-02#croix-rouge-canadienne-aller-au-delà-de-limage-de-marque-et-évaluer-la-confiance-face-aux-informations-préjudiciables
28	De nombreuses communautés considèrent que les acteurs humanitaires rechignent à partager ouvertement leurs erreurs ou à reconnaître leurs lacunes – une impression amplifiée par l'exigence de redevabilité en temps réel propre à l'ère numérique.	32	CH2	Ecuador, Mongolia, Zimbabwe	Societal				2.7	/fr/reports/wdr26/chapitre-02#la-confiance-dans-les-organisations-locales-demeure-malgré-lévolution-du-paysage-médiatique
29	même des prévisions scientifiquement exactes échouent souvent à déclencher une action précoce lorsque les messages sont peu fiables, les sources sont mises en doute ou l'information est confuse ou inaccessible.	32	CH2	Albania, Bangladesh, Brazil, Eswatini, Ethiopia, India, Indonesia, Kenya, Malawi, Namibia, Nepal, Nigeria, Philippines, Viet Nam	Psychologique; Societal; Informationnel	Signaux de besoins et de demande faussés 				
30	Une étude menée en Inde a mis en évidence comment les alertes fréquentes contraignaient les personnes dont les moyens de subsistance dépendent du travail journalier à choisir entre tenir compte des alertes d'action précoce ou perdre leurs revenus, rendant la confiance dans les alertes particulièrement cruciale lorsque les moyens de subsistance sont en jeu.	32	CH2	India	Financier/économique/lié à la privation; Psychologique	Signaux de besoins et de demande faussés 				
57	Les principes humanitaires fondamentaux d'impartialité, de neutralité et d'indépendance sont de plus en plus mis à l'épreuve par la prolifération des faux récits.	19	CH2	Lebanon	Societal			Principes humanitaires et neutralité	2.3	/fr/reports/wdr26/chapitre-02#lexpérience-de-la-croix-rouge-libanaise-en-matière-de-lutte-contre-les-informations-préjudiciables-dans-les-crises-humanitaires
58	Par-dessus tout, ses volontaires – dignes de confiance et ancrés dans les communautés locales – demeurent l'atout le plus efficace de l'organisation pour maintenir la confiance des communautés et assurer la continuité d'une réponse humanitaire fondée sur des principes et salvatrice.	19	CH2	Lebanon			Messagers de confiance et intermédiaires locaux		2.3	/fr/reports/wdr26/chapitre-02#lexpérience-de-la-croix-rouge-libanaise-en-matière-de-lutte-contre-les-informations-préjudiciables-dans-les-crises-humanitaires
76	Au Pérou, par exemple, des agents de santé ont été qualifiés de « diables blancs » et accusés d'apporter le virus dans les communautés. Ces croyances n'étaient pas simplement le fruit de la mésinformation – elles reflétaient des conceptions traditionnelles de la maladie et étaient exacerbées par un accès limité à des informations exactes et culturellement pertinentes.	17	CH2	Peru	Informationnel	Contraintes d'accès et risques d'acceptation			2.1	/fr/reports/wdr26/chapitre-02#la-confiance-la-mésinformation-et-le-pouvoir-des-relations-au-niveau-local-pour-faire-face-aux-crises
77	Pour faire face à ces difficultés, les autorités sanitaires se sont tournées vers la Société nationale – encourageant le dialogue pour découvrir et combler les différences de perceptions concernant la maladie et son traitement.	17	CH2	Peru			Partenariat et coordination		2.1	/fr/reports/wdr26/chapitre-02#la-confiance-la-mésinformation-et-le-pouvoir-des-relations-au-niveau-local-pour-faire-face-aux-crises
114	au Zimbabwe, les scores de neutralité ont chuté fortement… parmi la population générale et… parmi les bénéficiaires de l'aide. Dans ces contextes, le principe de neutralité risque d'être compromis par des récits contestés et des messages politisés, menaçant le fondement même de la confiance.	24	CH2	Zimbabwe	Societal			Principes humanitaires et neutralité	2.7	/fr/reports/wdr26/chapitre-02#la-confiance-dans-les-organisations-locales-demeure-malgré-lévolution-du-paysage-médiatique
3	Une autre source courante de méfiance était le recours à un langage peu clair ou trop technique. Des études menées en Eswatini, en Albanie et au Népal ont montré que les alertes précoces faisaient souvent appel à du jargon, à une terminologie peu familière ou n'étaient pas traduites dans les langues locales. Lorsque les messages sont difficiles à comprendre ou semblent sans rapport avec les réalités locales, ils deviennent inaccessibles – et la confiance s'effrite rapidement.	32	CH3	Albania, Nepal, Eswatini	Informationnel	Signaux de besoins et de demande faussés			3.5	/fr/reports/wdr26/chapitre-03#avertissements-fiables-action-opportune-remplacer-le-chaînon-manquant-dans-les-systèmes-dalerte-précoce
4	… l'accès à des informations précises et pratiques …[est]… crucial pour réduire l'exploitation et garantir des déplacements plus sûrs. Sans cela, de nombreux migrants sont contraints de s'appuyer sur des sources d'information non vérifiées. Comme l'a souligné un migrant en Australie : « … nous souffrons des informations peu fiables que nous fournissent les agents de migration, par exemple »	28	CH3	Australia	Informationnel; Financier/économique/lié à la privation		L'information comme aide humanitaire 		3.1	/fr/reports/wdr26/chapitre-03#impact-du-franchissement-des-frontières-sur-la-vérité-le-coût-humanitaire-de-la-mésinformation-dans-le-contexte-de-la-migration
5	La mésinformation et la désinformation concernant les migrants ont également un impact sur leur sécurité, leur dignité et leur bien-être en façonnant l'opinion publique et les politiques. … Dans les pays où les migrants sont dépeints comme des menaces, le discours public tend à soutenir des politiques migratoires plus restrictives et un accès réduit aux services essentiels, augmentant ainsi la vulnérabilité.	28	CH3		Social; Societal			Réglementation et cadres de politique publique 	3.1	/fr/reports/wdr26/chapitre-03#impact-du-franchissement-des-frontières-sur-la-vérité-le-coût-humanitaire-de-la-mésinformation-dans-le-contexte-de-la-migration
11	l'absence de distinction claire entre les alertes officielles et la mésinformation a créé de la confusion et sapé la confiance dans les avertissements. Sans formats reconnaissables ni attribution claire de la source, les personnes avaient du mal à vérifier quels messages étaient crédibles et quelles directives suivre.	32	CH3	Brazil	Informationnel 	Signaux de besoins et de demande faussés			3.5	/fr/reports/wdr26/chapitre-03#avertissements-fiables-action-opportune-remplacer-le-chaînon-manquant-dans-les-systèmes-dalerte-précoce
15	La nette différence de sentiment public à l'égard des dirigeants locaux par rapport aux figures institutionnelles reflétait des dynamiques complexes, et il n'est pas toujours évident de savoir dans quelle mesure la réaction est spontanée ou coordonnée.	30	CH3	Burkina Faso	Informationnel 				3.3	/fr/reports/wdr26/chapitre-03#les-moteurs-de-la-confiance-au-niveau-communautaire
32	Ces programmes sont les plus efficaces lorsqu'ils sont animés par des membres de confiance de la communauté et des volontaires, co-construits avec les communautés et alignés sur les pratiques culturelles locales.	37	CH3	France, Senegal, Guinea, Madagacar, Comoros			Messagers de confiance et intermédiaires locaux; Engagement communautaire et redevabilité 		3.10	/fr/reports/wdr26/chapitre-03#rumeurs-et-mésinformation-encas-dépidémie-lexpérience-de-la-fondation-croix-rouge-française
61	« Personnellement, ce qu'il faut faire pour réduire les fausses informations et renforcer la préparation aux risques, c'est encourager les gens au quotidien, sans attendre que le danger survienne, en les informant sur ce qu'il faut faire lorsqu'un cyclone frappe. Et aussi organiser des formations pour le plus grand nombre possible de personnes »	-	CH3	Madagascar			Engagement communautaire et redevabilité; Démystification préventive et résilience narrative 		3.5	/fr/reports/wdr26/chapitre-03#avertissements-fiables-action-opportune-remplacer-le-chaînon-manquant-dans-les-systèmes-dalerte-précoce
66	« La démystification est plus efficace lorsqu'elle est personnelle, contextuelle et fondée sur la confiance. Former les futurs travailleurs de première ligne à répondre efficacement après la propagation de contrefaçons renforce la capacité institutionnelle à long terme. Le modèle est reproductible – en particulier dans les contextes où la mésinformation est déjà répandue et où un engagement direct avec la communauté est possible »	35	CH3	Moldova			Démystification et communication corrective		3.8	/fr/reports/wdr26/chapitre-03#former-des-étudiants-en-médecine-de-la-république-de-moldova-à-la-démystification-de-la-mésinformation-sur-les-vaccins
67	des étudiants formés sont allés de porte en porte pour s'entretenir directement avec les membres de la communauté, corrigeant les mythes sur la vaccination et partageant des informations exactes à travers un dialogue ouvert et conversationnel.	35	CH3	Moldova			Suivi des rumeurs et alerte précoce; Démystification et communication corrective		3.6	/fr/reports/wdr26/chapitre-03#renforcer-la-confiance-linclusion-et-lengagement-des-communautés-dans-lalerte-précoce-et-laction-rapide
69	Lors de la dernière saison des moussons, par exemple, les communautés en amont ont surveillé les précipitations et alerté les communautés en aval pour qu'elles prennent des mesures immédiates, sauvant ainsi des vies.	33	CH3	Nepal			Engagement communautaire et redevabilité; Suivi des rumeurs et alerte précoce		3.6	/fr/reports/wdr26/chapitre-03#renforcer-la-confiance-linclusion-et-lengagement-des-communautés-dans-lalerte-précoce-et-laction-rapide
70	la mentalité des gens a évolué de réactive à proactive, permettant une action plus précoce basée sur des informations fiables et localisées et une confiance croissante en leur capacité à répondre. Lorsqu'une communauté est soudée et habilitée à conduire son propre développement, ses membres deviennent des acteurs actifs de la résilience. Cet empowerment se diffuse dans l'ensemble de la communauté, la rendant plus sûre et plus résiliente pour tous.	33	CH3	Nepal			Engagement communautaire et redevabilité		3.6	/fr/reports/wdr26/chapitre-03#renforcer-la-confiance-linclusion-et-lengagement-des-communautés-dans-lalerte-précoce-et-laction-rapide
80	l'accent était mis sur l'identification des premiers signaux d'hésitation et la compréhension des facteurs psychologiques, tels que le biais de confirmation, qui rendent certains récits plus persuasifs que d'autres.	34	CH3	Scotland			Suivi des rumeurs et alerte précoce		3.7	/fr/reports/wdr26/chapitre-03#utilisation-de-lécoute-sociale-pour-guider-les-stratégies-de-démystification-préventive-en-écosse
81	La démystification préventive fonctionne mieux lorsqu'elle s'appuie sur des données en temps réel.	34	CH3	Scotland			Démystification préventive et résilience narrative		3.7	/fr/reports/wdr26/chapitre-03#utilisation-de-lécoute-sociale-pour-guider-les-stratégies-de-démystification-préventive-en-écosse
105	Comme l'a expliqué un migrant au Royaume-Uni, « les gens sont très confus… ils n'obtiennent pas les bonnes informations… Ils ne savent pas quoi faire ni même où aller pour obtenir des informations… »	28	CH3	United Kingdom of Great Britain and Northern Ireland	Psychologique; Informationnel	Signaux de besoins et de demande faussés			3.1	/fr/reports/wdr26/chapitre-03#impact-du-franchissement-des-frontières-sur-la-vérité-le-coût-humanitaire-de-la-mésinformation-dans-le-contexte-de-la-migration
108	Pour dissiper la confusion, la Société nationale a publié un démenti public direct, à l'aide d'un simple graphique sur les réseaux sociaux et d'une déclaration claire sur son site web pour rétablir les faits – apportant ainsi de la clarté sans amplifier les faux récits.	31	CH3	United States of America			Démystification et communication corrective		3.4	/fr/reports/wdr26/chapitre-03#déferlante-de-mésinformation-après-louragan-hélène
109	À l'instar de la planification logistique avant une tempête, la Société nationale continue de surveiller les tendances en ligne et les mentions sur les réseaux sociaux, de lutter contre la mésinformation émergente, de déployer une narration proactive et de fournir des orientations internes aux employés et aux volontaires à des fins de sensibilisation et d'alignement.	31	CH3	United States of America			Suivi des rumeurs et alerte précoce; Démystification préventive et résilience narrative		3.4	/fr/reports/wdr26/chapitre-03#déferlante-de-mésinformation-après-louragan-hélène
8	La mésinformation et la désinformation circulent dans et autour des camps via les plateformes couramment utilisées : Facebook, WhatsApp/IMO, YouTube/TikTok, ainsi que le partage de téléphone à téléphone hors ligne (Bluetooth/SHAREit). Malgré les efforts déployés par les organisations humanitaires pour mettre en place des initiatives de suivi des rumeurs à Cox's Bazar pour contrer ces dynamiques, celles-ci ont été reléguées au second plan lors de successives réductions de financement depuis 2021.	39	CH4	Bangladesh	Informationnel 	Efficacité des programmes et redevabilité	Suivi des rumeurs et alerte précoce		4.2	/fr/reports/wdr26/chapitre-04#conséquences-de-la-mésinformation-et-de-la-désinformation-sur-la-population-rohingya-au-bangladesh-et-témoignages-tirés-dentretiens-récents
12	Les causes et les campagnes de la Croix-Rouge bulgare jouissent d'une grande visibilité et d'une forte notoriété, ainsi que d'une solide confiance de la part des grandes entreprises, et elle occupe une position dominante par rapport aux autres organisations caritatives au niveau national – un avantage qui doit être préservé.	44	CH4	Bulgaria	Societal				4.6	/fr/reports/wdr26/chapitre-04#réactions-négatives-à-une-campagne
13	Les réactions négatives ont été déclenchées par la politique de l'organisation consistant à n'accepter que des articles neufs lors de sa campagne publique de dons destinée aux personnes touchées par le conflit arrivant en Bulgarie. Les critiques portaient principalement sur le refus des articles d'occasion et risquaient de saper la confiance du public.	44	CH4	Bulgaria	Societal				4.6	/fr/reports/wdr26/chapitre-04#réactions-négatives-à-une-campagne
18	Les résultats ont montré que de nombreuses personnes considéraient la réponse globale de la Croix-Rouge canadienne comme lente ou mal gérée – des perceptions étroitement alignées sur les récits de mésinformation dirigés contre l'organisation durant la réponse.	41	CH4	Canada	Societal	Efficacité des programmes et redevabilité			4.4	/fr/reports/wdr26/chapitre-04#maintenir-la-confiance-en-période-de-crise-et-face-à-des-informations-préjudiciables
23	Les volontaires du Croissant-Rouge des Comores ont envoyé près de 2 900 alertes via Nyss®, recevant des messages personnalisés approuvés par le Ministère de la Santé en français, aidant les communautés à agir rapidement et à amener les patients aux centres de traitement plus tôt.	49	CH4	Comoros			Démystification préventive et résilience narrative		4.11	/fr/reports/wdr26/chapitre-04#combler-le-fossé-utiliser-la-technologie-pour-aider-les-volontaires-communautaires-à-lutter-contre-la-mésinformation-instaurer-la-confiance-et-réduire-les-épidémies
39	les volontaires reçoivent des informations sanitaires exactes approuvées par le Ministère de la Santé à partager localement avec les membres de la communauté, contrant ainsi les rumeurs, promouvant la prévention et encourageant une prise en charge médicale en temps opportun.	49	CH4	Fiji			Démystification et communication corrective; Messagers de confiance et intermédiaires locaux		4.11	/fr/reports/wdr26/chapitre-04#combler-le-fossé-utiliser-la-technologie-pour-aider-les-volontaires-communautaires-à-lutter-contre-la-mésinformation-instaurer-la-confiance-et-réduire-les-épidémies
47	l'Observatoire national pour la protection de l'emblème a préparé un « message de plaidoyer » à envoyer depuis les comptes des réseaux sociaux de la Croix-Rouge italienne aux utilisateurs ayant publié du contenu impliquant une utilisation abusive de l'emblème… [avec] des informations sur l'utilisation correcte de l'emblème, l'importance de le respecter et les implications humanitaires de son utilisation abusive.	38	CH4	Italy			Démystification et communication corrective	Principes humanitaires et neutralité	4.1	/fr/reports/wdr26/chapitre-04#rôle-de-lobservatoire-national-et-stratégies-pour-lutter-contre-lutilisation-abusive-de-lemblème
50	L'action humanitaire repose sur la confiance. Lorsque des informations préjudiciables circulent, elles mettent des vies en danger et sapent la neutralité qui nous permet d'atteindre les personnes en crise. Lutter contre la mésinformation n'est pas facultatif, c'est une priorité pour protéger les communautés et faire en sorte qu'elles reçoivent l'aide qu'elles méritent.	43	CH4	Kenya	Societal	Efficacité des programmes et redevabilité		Principes humanitaires et neutralité	4.5	/fr/reports/wdr26/chapitre-04#kenya-manifestations-de-la-génération-z-en-2024
71	Choisir de ne pas s'engager dans des « arguments et des débats réactifs » mal informés était important pour la Croix-Rouge néo-zélandaise. C'était un travail difficile et douloureux, exigeant du temps, des efforts et de la patience – mais cela en valait la peine. Bien que le sentiment public ait été initialement affecté négativement, aujourd'hui le sentiment public positif envers la Société nationale est encore plus fort qu'il ne l'était avant 2022.	40	CH4	New Zealand	Societal		Démystification préventive et résilience narrative		4.3	/fr/reports/wdr26/chapitre-04#croix-rouge-néo-zélandaise-observations-tirées-de-lintervention-menée-en-2022-suite-aux-phénomènes-météorologiques-extrêmes-dans-lîle-du-nord
72	À une époque où une seule publication virale peut annuler des années de bonne volonté, l'intégrité numérique doit être traitée comme une mission essentielle. C'est notre nouvelle normalité.	40	CH4	New Zealand	Numérique/technologique				4.3	/fr/reports/wdr26/chapitre-04#croix-rouge-néo-zélandaise-observations-tirées-de-lintervention-menée-en-2022-suite-aux-phénomènes-météorologiques-extrêmes-dans-lîle-du-nord
82	Les informations préjudiciables constituent une menace omniprésente et souvent invisible – aussi bien en ligne qu'hors ligne. … Elles peuvent affecter la santé mentale, réduire la motivation à poursuivre le travail humanitaire et même accroître la vulnérabilité aux théories du complot.	47	CH4	Slovakia	Psychologique; Informationnel				4.9	/fr/reports/wdr26/chapitre-04#renforcer-la-résilience-de-lintérieur
83	Nous avons collaboré avec un expert slovaque en pensée critique pour élaborer des réponses appropriées aux scénarios courants liés à la désinformation rencontrés par notre personnel et nos volontaires sur le terrain.	47	CH4	Slovakia			Partenariat et coordination		4.9	/fr/reports/wdr26/chapitre-04#renforcer-la-résilience-de-lintérieur
84	la Société nationale a constitué un comité de communication de crise composé du secrétaire général, du responsable de la communication, du coordonnateur de la sécurité et des opérations sur le terrain, du coordonnateur des partenariats et de représentants du centre des opérations d'urgence.	48	CH4	South Sudan			Partenariat et coordination		4.10	/fr/reports/wdr26/chapitre-04#préparation-à-la-communication-de-crise-à-la-croix-rouge-du-soudan-du-sud
85	Récemment, un commandant d'un groupe de milice affilié au gouvernement a porté une veste de la Croix-Rouge du Soudan du Sud arborant le logo de la Société nationale et, dans une vidéo enregistrée, a décrit leurs opérations dans la région du Nil supérieur. La vidéo est devenue virale, suscitant de vives réactions.	48	CH4	South Sudan	Societal 	Efficacité des programmes et redevabilité		Principes humanitaires et neutralité	4.10	/fr/reports/wdr26/chapitre-04#préparation-à-la-communication-de-crise-à-la-croix-rouge-du-soudan-du-sud
86	Dans le cas de l'utilisation abusive de l'emblème, la Croix-Rouge du Soudan du Sud a choisi de ne pas s'engager avec les médias, car la publication n'avait pas attiré une attention médiatique significative. À la place, la communication interne et l'engagement des partenaires ont été privilégiés pour gérer le risque réputationnel et maintenir la confiance de manière proactive.	48	CH4	South Sudan		Contraintes d'accès et risques d'acceptation; Efficacité des programmes et redevabilité	Partenariat et coordination		4.10	/fr/reports/wdr26/chapitre-04#préparation-à-la-communication-de-crise-à-la-croix-rouge-du-soudan-du-sud
97	Malgré ce système transparent, éthique et fondé sur des principes humanitaires, des affirmations trompeuses et fausses telles que « le sang donné est vendu » circulent occasionnellement en ligne.	45	CH4	Türkiye	Societal; Informationnel	Contraintes d'accès et risques d'acceptation			4.7	/fr/reports/wdr26/chapitre-04#le-système-national-dapprovisionnement-en-sang-du-croissant-rouge-turc-garantir-la-sécurité-la-transparence-et-la-durabilité
31	L'éducation aux médias en Finlande est diversifiée et largement mise en œuvre. Les écoles, les autorités publiques, les institutions culturelles, les ONG et les acteurs du secteur privé contribuent tous à la promotion et au développement de l'éducation aux médias.	63	CH5	Finland			Partenariat et coordination		5.13	/fr/reports/wdr26/chapitre-05#pourquoi-la-finlande-est-elle-un-précurseur-en-matière-déducation-aux-médias
59	Les coupures d'Internet contraignent les gens à des bulles d'information fragmentées ou peu fiables, les privant de la possibilité de vérifier ou même d'accéder à des informations potentiellement vitales. Parallèlement, la dégradation des contenus dans l'écosystème informationnel peut rendre l'accès à l'information inefficace ou même dangereux.	52	CH5	Libya	Informationnel; Numérique/technologique				5.2	/fr/reports/wdr26/chapitre-05#impacts-humanitaires-de-la-pollution-numérique-le-cas-de-la-libye
60	Alors que les initiatives locales peinent à rester à flot, des acteurs hostiles s'engouffrent dans le vide, motivés par des intérêts politiques ou financiers. Dans certains cas, ces acteurs proposent des financements assortis de conditions incompatibles avec les principes humanitaires.	52	CH5	Libya	Societal; Financier/économique/lié à la privation	Efficacité des programmes et redevabilité		Principes humanitaires et neutralité	5.2	/fr/reports/wdr26/chapitre-05#impacts-humanitaires-de-la-pollution-numérique-le-cas-de-la-libye
106	Pourtant, la désinformation dans l'espace humanitaire est en croissance. Le Royaume-Uni s'attaque directement à cette tendance préoccupante – via notre siège dans les principales instances multilatérales, nos canaux diplomatiques et notre aide financée par le Royaume-Uni.	57	CH5	United Kingdom of Great Britain and Northern Ireland			Partenariat et coordination; Engagement communautaire et redevabilité		5.7	/fr/reports/wdr26/chapitre-05#engagement-du-royaume-uni-à-protéger-laction-humanitaire-contre-les-informations-préjudiciables
107	Nous investissons également dans la recherche, notamment dans un projet récent mené avec Grand Challenges Canada, qui a mis en évidence l'importance de travailler avec les communautés pour renforcer la confiance, accroître la résilience et autonomiser le leadership local, ainsi que d'identifier des innovations technologiques évolutives et adaptables.	57	CH5	United Kingdom of Great Britain and Northern Ireland			Engagement communautaire et redevabilité		5.7	/fr/reports/wdr26/chapitre-05#engagement-du-royaume-uni-à-protéger-laction-humanitaire-contre-les-informations-préjudiciables
9	« Ils avaient les mêmes informations d'autres médecins… mais ils croyaient toujours ce que leurs proches leur disaient… leur [raisonnement était] : si la COVID ressemblait à un rhume et que dans le passé les plantes médicinales les avaient guéris, on pouvait faire de même avec la COVID… nous ne sommes pas irrationnels, nous continuons à nous appuyer sur des faits et des expériences. »	69	CH6	Bolivia			Messagers de confiance et intermédiaires locaux		X.3	/fr/reports/wdr26/chapitre-06#ce-que-disent-les-communautés-informations-issues-dune-recherche-originale
16	La confiance au sein des communautés est fluctuante. … Néanmoins, les liens étroits restent des repères importants, même si la circulation rapide des informations de bouche à oreille peut à la fois renforcer la solidarité et semer la méfiance.	69	CH6	Cameroon	Social				X.3	/fr/reports/wdr26/chapitre-06#ce-que-disent-les-communautés-informations-issues-dune-recherche-originale
19	Grâce au cadre, [la Société nationale] continue de cheminer aux côtés des communautés autochtones en renforçant la confiance, en consolidant les capacités locales et en veillant à ce que l'action humanitaire reste centrée sur les personnes, culturellement sûre et guidée par les priorités des communautés qu'elle sert.	68	CH6	Canada			Engagement communautaire et redevabilité		6.4	/fr/reports/wdr26/chapitre-06#la-désinformation-a-alimenté-les-attaques-contre-les-activités-humanitaires-lors-des-manifestations-de-2019-en-équateur
20	Les populations moins connectées et sous-dotées en ressources – en particulier celles qui parlent des langues marginalisées – sont exclues de la production et du partage des savoirs.	73	CH6	Central African Republic	Societal				6.9	/fr/reports/wdr26/chapitre-06#renforcer-lintégrité-de-linformationnbsp-vers-une-approche-préventive-et-inclusive-de-la-désinformation
21	Pour faire face à ce risque, il ne suffit pas de simplement contrer la désinformation, car cette approche est par nature réactive. Il faut plutôt investir de manière proactive et préventive dans la promotion de l'intégrité de l'information : … 1. Combler le vide informationnel …(Ancrage dans l'éthique journalistique, …Assurer la proximité et l'inclusivité)… 2. Améliorer l'éducation à l'information et aux médias, à travers les médias et avec les communautés…	73	CH6	Central African Republic			Démystification préventive et résilience narrative		6.9	/fr/reports/wdr26/chapitre-06#renforcer-lintégrité-de-linformationnbsp-vers-une-approche-préventive-et-inclusive-de-la-désinformation
22	« De nos jours, avec l'essor des vidéos courtes, certains blogueurs utilisent l'IA pour créer des images composites… vous pouvez décrire une catastrophe à une IA, et elle générera des images – mais ces images ne correspondent pas à la réalité. Ce type d'informations exagérées et fausses est en réalité assez courant. »	69	CH6	China	Numérique/technologique; Informationnel			Gouvernance technologique et responsabilité des plateformes	X.3	/fr/reports/wdr26/chapitre-06#ce-que-disent-les-communautés-informations-issues-dune-recherche-originale
25	Des difficultés ont été rencontrées pour transporter des composants sanguins, des retards dans les soins d'urgence, des pneus crevés par des objets tranchants et des pierres lancées sur quatre ambulances clairement identifiées avec l'emblème de la Croix-Rouge, même en utilisant des sirènes et des feux clignotants pour atteindre des personnes blessées.	67	CH6	Ecuador	Physique	Sécurité et sûreté du personnel et des volontaires		Réglementation et cadres de politique publique	6.4	/fr/reports/wdr26/chapitre-06#la-désinformation-a-alimenté-les-attaques-contre-les-activités-humanitaires-lors-des-manifestations-de-2019-en-équateur
26	Ces actions s'inscrivent dans une stratégie visant à sensibiliser le public au rôle humanitaire de la Croix-Rouge équatorienne dans le contexte des mobilisations sociales. L'initiative est renforcée par l'utilisation d'un langage accessible – notamment le kichwa, langue prédominante dans les communautés autochtones – dans le but de renforcer la compréhension et l'acceptation des interventions de la Croix-Rouge.	67	CH6	Ecuador			Engagement communautaire et redevabilité		6.4	/fr/reports/wdr26/chapitre-06#la-désinformation-a-alimenté-les-attaques-contre-les-activités-humanitaires-lors-des-manifestations-de-2019-en-équateur
27	Les recommandations issues des communautés soulignent l'importance de l'interaction en face à face par rapport à l'engagement uniquement numérique, montrant une forte préférence pour le dialogue direct et centré sur l'humain.	64	CH6	Ecuador			Engagement communautaire et redevabilité		6.1	/fr/reports/wdr26/chapitre-06#coup-de-projecteur-sur-lengagement-des-communautés-et-la-redevabilité-dans-les-amériques
34	S'appuyer sur les autorités locales, les jeunes volontaires et les espaces communautaires de confiance a permis de lutter contre les rumeurs sur la vaccination. « Je ne suis pas un participant passif… J'ai suggéré à la Croix-Rouge d'organiser un cours de premiers secours dans mon village et ils l'ont fait. » (Un leader communautaire.)	70	CH6	Georgia			Engagement communautaire et redevabilité; Messagers de confiance et intermédiaires locaux		6.6	/fr/reports/wdr26/chapitre-06#la-communauté-dabordnbsp-enseignements-tirés-de-lengagement-des-communautés
35	Une communication menée par les communautés, culturellement pertinente, contredit la désinformation qui s'appuie sur les expériences vécues.	70	CH6	Guatemala			Engagement communautaire et redevabilité; Messagers de confiance et intermédiaires locaux		6.6	/fr/reports/wdr26/chapitre-06#la-communauté-dabordnbsp-enseignements-tirés-de-lengagement-des-communautés
36	La mémoire des épidémies passées renforce la résilience face aux informations préjudiciables lorsqu'elle est associée à une communication bidirectionnelle.	70	CH6	Guinea			Engagement communautaire et redevabilité; Démystification préventive et résilience narrative		6.6	/fr/reports/wdr26/chapitre-06#la-communauté-dabordnbsp-enseignements-tirés-de-lengagement-des-communautés
37	Alors que les informations préjudiciables se propagent par voie numérique, une communication de confiance en face à face reste un puissant outil correctif.	70	CH6	Indonesia			Démystification et communication corrective; Messagers de confiance et intermédiaires locaux		6.6	/fr/reports/wdr26/chapitre-06#la-communauté-dabordnbsp-enseignements-tirés-de-lengagement-des-communautés
38	Les crises cumulées amplifient les informations préjudiciables. Des messages opportuns, inclusifs et cohérents, diffusés par des pairs de confiance, sont essentiels pour rétablir la confiance.	70	CH6	Malawi			Messagers de confiance et intermédiaires locaux		6.6	/fr/reports/wdr26/chapitre-06#la-communauté-dabordnbsp-enseignements-tirés-de-lengagement-des-communautés
40	l'institutionnalisation de l'engagement des communautés et redevabilité (CEA), associée à son évaluation continue, a démontré son potentiel pour transformer à la fois la réponse humanitaire et la relation entre les communautés et les systèmes de santé.	64	CH6	Guatemala			Engagement communautaire et redevabilité		6.1	/fr/reports/wdr26/chapitre-06#coup-de-projecteur-sur-lengagement-des-communautés-et-la-redevabilité-dans-les-amériques
49	L'environnement linguistique et médiatique unique du Japon offre un tampon partiel contre la propagation mondiale des informations préjudiciables.	72	CH6	Japan	Informationnel				6.8	/fr/reports/wdr26/chapitre-06#société-de-la-croix-rouge-du-japonnbsp-renforcer-la-transparence-des-activités-et-des-dons-durant-les-catastrophes
51	« [Lors d'une épidémie de mpox, les membres de la communauté] nous percevaient comme une organisation qui devrait venir avec des cadeaux à leur donner… ils ne prenaient pas cette sensibilisation au sérieux. La communauté… estimait qu'il valait mieux que [nous] leur fournissions des articles [tangibles]… plutôt que de transmettre des informations. »	69	CH6	Kenya	Informationnel	Signaux de besoins et de demande faussés			X.3	/fr/reports/wdr26/chapitre-06#ce-que-disent-les-communautés-informations-issues-dune-recherche-originale
52	Ces [chefs religieux] continuent d'expliquer l'importance de la vaccination d'un point de vue religieux, en utilisant des messages qui combinent des informations sanitaires fondées sur des données probantes avec des interprétations religieuses.	66	CH6	Kyrgyzstan			Messagers de confiance et intermédiaires locaux			
53	…même lorsque les volontaires ont réussi à encourager les gens à se faire vacciner dans les centres de santé locaux, certains professionnels de santé eux-mêmes ont déconseillé aux gens de recevoir le vaccin contre la COVID-19.	66	CH6	Kyrgyzstan	Informationnel	Signaux de besoins et de demande faussés	Messagers de confiance et intermédiaires locaux		6.3	/fr/reports/wdr26/chapitre-06#séance-de-questions-réponses-avec-la-société-du-croissant-rouge-du-kirghizistan
62	« Le paysage médiatique… a présenté une image simplifiée et souvent fausse : soit un soignant « héros » sans failles, soit un soignant « au bord du gouffre ». L'information, lorsqu'elle est exagérée ou minimisée, déforme la perception sociale de la profession… Ce manque de nuance a alimenté les stéréotypes et aggravé la difficulté des soignants à exprimer leurs émotions »	69	CH6	Madagascar	Psychologique; Social				6.3	/fr/reports/wdr26/chapitre-06#séance-de-questions-réponses-avec-la-société-du-croissant-rouge-du-kirghizistan
63	« Dans certaines parties de Madagascar, l'arrivée de deux hommes sans chapeau dans un village signifiait traditionnellement un décès, illustrant l'importance des codes culturels dans la communication. Comprendre et respecter ces pratiques peut améliorer l'efficacité des campagnes de sensibilisation. »	69	CH6	Madagascar		Efficacité des programmes et redevabilité	Engagement communautaire et redevabilité; Messagers de confiance et intermédiaires locaux		X.3	/fr/reports/wdr26/chapitre-06#ce-que-disent-les-communautés-informations-issues-dune-recherche-originale
64	« Ces acteurs utilisent des méthodes familières telles que les mégaphones et le dialogue direct pour favoriser la compréhension et inciter à l'action. Les alertes précoces formelles – notamment les alertes aux inondations ou à la sécheresse – sont diffusées par le biais d'émissions radio, de représentants du gouvernement local et d'ONG »	70	CH6	Malawi			Engagement communautaire et redevabilité; Partenariat et coordination		X.3	/fr/reports/wdr26/chapitre-06#ce-que-disent-les-communautés-informations-issues-dune-recherche-originale
75	Cela souligne également l'importance d'un investissement soutenu dans l'institutionnalisation de l'engagement des communautés et redevabilité (CEA), notamment en augmentant la couverture géographique, en recrutant du personnel technique dédié et en intégrant le CEA dans toutes les phases des programmes et des opérations.	64	CH6	Panama			Engagement communautaire et redevabilité		6.1	/fr/reports/wdr26/chapitre-06#coup-de-projecteur-sur-lengagement-des-communautés-et-la-redevabilité-dans-les-amériques
78	« Les fausses informations et les rumeurs… ont considérablement diminué notre rôle en tant qu'organisation. [Les membres de la communauté affectée] ont commencé à se rendre dans ces [autres] organisations pour demander où était l'aide qui était arrivée [selon les rumeurs], « Pourquoi n'avons-nous rien reçu ? »… les gens, à cette période, ne voyaient pas ni n'analysaient à quoi servait cette organisation. »	69	CH6	Qatar	Psychologique; Societal	Efficacité des programmes et redevabilité			X.3	/fr/reports/wdr26/chapitre-06#ce-que-disent-les-communautés-informations-issues-dune-recherche-originale
91	« La confiance seule ne suffit pas sans un système approprié pour une communication rapide et vérifiée ; même les organisations de confiance risquent de faire défaut à leurs communautés lors de catastrophes. »	69	CH6	Sri Lanka		Efficacité des programmes et redevabilité			X.3	/fr/reports/wdr26/chapitre-06#ce-que-disent-les-communautés-informations-issues-dune-recherche-originale
110	Un défi persistant a été l'interprétation erronée des emblèmes, en particulier l'emblème de la Croix-Rouge. Dans certaines communautés, la présence de cet emblème sur des articles d'aide et des bannières aux côtés du logo du Croissant-Rouge du Yémen est interprétée à tort comme un signe d'affiliation religieuse parmi les partenaires.	65	CH6	Yemen	Informationnel; Societal	Contraintes d'accès et risques d'acceptation		Principes humanitaires et neutralité	6.2	/fr/reports/wdr26/chapitre-06#réponse-du-croissant-rouge-du-yémen-aux-informations-préjudiciables-renforcer-la-confiance-des-communautés
111	Au cœur de ce succès réside le principe de transparence radicale.	65	CH6	Yemen		Contraintes d'accès et risques d'acceptation	Démystification préventive et résilience narrative		6.2	/fr/reports/wdr26/chapitre-06#réponse-du-croissant-rouge-du-yémen-aux-informations-préjudiciables-renforcer-la-confiance-des-communautés
112	« La confiance au sein des communautés est une forme de confiance résiliente… fondée sur des valeurs culturelles, des normes et une compréhension partagées. Parallèlement, les fausses informations sont particulièrement efficaces lorsqu'elles émanent du cercle de personnes en qui vous avez confiance… les liens mêmes qui unissent les communautés peuvent les rendre susceptibles à la mésinformation. »	69	CH6	Zambia	Social				X.3	/fr/reports/wdr26/chapitre-06#ce-que-disent-les-communautés-informations-issues-dune-recherche-originale
10	Lors du processus de distribution de l'aide en espèces et en bons, un centre d'appels a été mis en place. Cependant, certaines personnes contactées pour recevoir leurs codes craignaient que les appels fassent partie d'une arnaque téléphonique – phénomène relativement courant dans le pays.	85	CH7	Bolivia	Financier/économique/lié à la privation	Signaux de besoins et de demande faussés			7.9	/fr/reports/wdr26/chapitre-07#transformer-lhumanité-en-bolivie-enseignements-tirés-du-projet-lié-aux-inondations-financé-par-le-fonds-durgence-de-la-fédération-internationale-pour-lintervention-en-cas-de-catastrophe
42	Un investissement accru est nécessaire dans les stratégies de communication et de sensibilisation. Les communautés locales devraient être habilitées à agir pour lutter contre la mésinformation, renforçant ainsi leur rôle dans la protection et la cohésion sociale.	83	CH7	Honduras			Démystification préventive et résilience narrative; Démystification et communication corrective 		7.7	/fr/reports/wdr26/chapitre-07#séance-de-questions-réponses-avec-la-croix-rouge-du-honduras-des-liens-fragiles-entre-les-communautés-les-volontaires-et-les-autorités
43	[le Mouvement international de la Croix-Rouge et du Croissant-Rouge devrait] faciliter des espaces de réflexion interne et des formations sur la communication stratégique et opérationnelle… pour partager les meilleures pratiques en matière de gestion des informations préjudiciables et de diplomatie humanitaire.	83	CH7	Honduras			Partenariat et coordination		7.7	/fr/reports/wdr26/chapitre-07#séance-de-questions-réponses-avec-la-croix-rouge-du-honduras-des-liens-fragiles-entre-les-communautés-les-volontaires-et-les-autorités
44	la Croix-Rouge hondurienne a renforcé son approche de communication communautaire en lançant des campagnes ciblées via les médias sociaux et locaux. Ces initiatives visent à réaffirmer notre mandat humanitaire, les principes fondamentaux et la nature neutre, impartiale et indépendante de notre travail.	83	CH7	Honduras				Principes humanitaires et neutralité; Réglementation et cadres de politique publique	7.7	/fr/reports/wdr26/chapitre-07#séance-de-questions-réponses-avec-la-croix-rouge-du-honduras-des-liens-fragiles-entre-les-communautés-les-volontaires-et-les-autorités
48	Au-delà des améliorations opérationnelles et logistiques, nous avons également lancé une initiative de narration centrée sur les émotions et les expériences vécues des migrants arrivant à Lampedusa. Cela a contribué à changer le récit – en passant d'un récit centré uniquement sur les chiffres à un récit montrant les histoires humaines et la dignité.	77	CH7	Italy	Social		Démystification préventive et résilience narrative		7.1	/fr/reports/wdr26/chapitre-07#gérer-les-discours-préjudiciables-dans-un-centre-migratoire
73	Ces récits ont faussé la compréhension publique du principe de neutralité, et plus largement, des rôles des différentes composantes du Mouvement lors des crises humanitaires.	79	CH7	Palestine, Italy	Informationnel	Efficacité des programmes et redevabilité		Principes humanitaires et neutralité	7.3	/fr/reports/wdr26/chapitre-07#clarifier-le-principe-de-neutralité-contrer-les-discours-trompeurs-en-ligne
79	La Société nationale a dû trouver soigneusement le juste équilibre dans son rôle d'auxiliaire des pouvoirs publics dans le domaine humanitaire. Cette situation nous a appris à réfléchir davantage et à envisager les conséquences de chaque mot et de chaque acte sous différents angles.	82	CH7	Russia			Démystification préventive et résilience narrative	Réglementation et cadres de politique publique; Principes humanitaires et neutralité	7.6	/fr/reports/wdr26/chapitre-07#séance-de-questions-réponses-sur-laction-fondée-sur-des-principes-avec-la-croix-rouge-de-la-fédération-de-russie-comment-réagir-en-cas-de-grave-risque-pour-la-réputation
99	Avec le soutien de la Fédération internationale, la direction de la Société de la Croix-Rouge de l'Ouganda a engagé une série de réformes décisives. Des postes clés ont été restructurés et des déclarations officielles ont été publiées pour clarifier la situation et rassurer à la fois les partenaires et le public.	81	CH7	Uganda			Démystification et communication corrective; Partenariat et coordination		7.5	/fr/reports/wdr26/chapitre-07#rétablir-la-confiance-enseignements-tirés-dune-crise-institutionnelle-et-du-relèvement-qui-a-suivi-au-sein-de-la-croix-rouge-de-louganda
100	La crise a souligné comment les problèmes réputationnels liés à la direction peuvent rapidement éroder la confiance et comment le rétablissement exige de la transparence, une réforme structurelle et un engagement soutenu.	81	CH7	Uganda	Societal	Efficacité des programmes et redevabilité			7.5	/fr/reports/wdr26/chapitre-07#rétablir-la-confiance-enseignements-tirés-dune-crise-institutionnelle-et-du-relèvement-qui-a-suivi-au-sein-de-la-croix-rouge-de-louganda
102	C'est devenu la première – et tragiquement réussie – attaque contre la neutralité de l'aide humanitaire en Ukraine. « L'image a tout changé sur le terrain »	80	CH7	Ukraine	Societal			Principes humanitaires et neutralité	7.4	/fr/reports/wdr26/chapitre-07#la-vérité-est-la-première-victime-de-la-guerre
103	La guerre hybride dans l'espace numérique a contraint la Société nationale à développer de nouvelles compétences en communication. Des experts ont rejoint l'équipe, un système de surveillance a été mis en place pour suivre les discours dans les médias publics et sociaux, et une disponibilité 24h/24 est devenue la norme.	80	CH7	Ukraine	Numérique/technologique		Suivi des rumeurs et alerte précoce	Gouvernance technologique et responsabilité des plateformes	7.4	/fr/reports/wdr26/chapitre-07#la-vérité-est-la-première-victime-de-la-guerre
104	chaque attaque informationnelle contre l'aide humanitaire neutre a également créé l'opportunité de se manifester et de communiquer les valeurs humanitaires. « Notre plus grand succès, c'est quand les fake news ne sont plus partagées parce que les gens sont déjà informés et en savent davantage »	80	CH7	Ukraine			Démystification préventive et résilience narrative; Démystification et communication corrective 	Principes humanitaires et neutralité	7.4	/fr/reports/wdr26/chapitre-07#la-vérité-est-la-première-victime-de-la-guerre
6	Lutter contre la mésinformation doit être traité comme une priorité humanitaire. Cela requiert des systèmes de communication équitables, inclusifs et culturellement adaptés.	88	CH8	Australia		Efficacité des programmes et redevabilité		Principes humanitaires et neutralité	8.3	/fr/reports/wdr26/chapitre-08#limpératif-humanitaire-de-lutter-contre-la-désinformation-en-cas-de-catastrophe
24	des autorités locales telles que des chefs religieux et des policiers ont rejoint des groupes de discussion pour vérifier et co-diffuser des informations. Cela a considérablement renforcé la confiance des communautés.	94	CH8	Democratic Republic of the Congo			Messagers de confiance et intermédiaires locaux; Partenariat et coordination		8.9	/fr/reports/wdr26/chapitre-08#wikirumours-la-vérification-collaborative-des-informations-pour-la-sécurité-et-la-prospérité-des-communautés-partie1-sur-4
74	La société civile intensifie son action coordonnée. Par exemple, [avec] une campagne mondiale appelant à la reconstruction du réseau de télécommunications de Gaza et à la reconnaissance de l'accès à la communication comme un droit humain fondamental.	98	CH8	Palestine	Societal			Liberté d'expression et droit à l'information	8.13	/fr/reports/wdr26/chapitre-08#reconstruire-les-écosystèmes-dinformation-locaux-un-pilier-essentiel-du-relèvement-après-une-crise
87	Pour contrer plus efficacement les informations préjudiciables, les stratégies au niveau systémique doivent donner la priorité à l'engagement local, au renforcement de la confiance et à la collaboration intersectorielle.	95	CH8	South Sudan			Partenariat et coordination; Engagement communautaire et redevabilité		8.10	/fr/reports/wdr26/chapitre-08#wikirumours-la-vérification-collaborative-des-informations-pour-la-sécurité-et-la-prospérité-des-communautés-partie2-sur-4-lacunes-et-besoins-en-matière-de-soutien
88	Les membres de la communauté vérifiaient de plus en plus les informations avant d'agir. Par exemple, après avoir reçu un contre-message concernant une fausse attaque, les gens ont choisi de ne pas fuir, évitant ainsi un déplacement inutile.	100	CH8	South Sudan			L'information comme aide humanitaire; Démystification et communication corrective		8.15	/fr/reports/wdr26/chapitre-08#wikirumours-la-vérification-collaborative-des-informations-pour-la-sécurité-et-la-prospérité-des-communautés-partie3-sur-4--mesurer-limpact-et-les-préjudices
90	Bien que des outils opérationnels existent, il n'existe pas de politique organisationnelle dédiée aux informations préjudiciables incluant un modèle standard et des procédures opérationnelles pour l'ensemble des régions et des scénarios.	101	CH8	South Sudan			Partenariat et coordination	Réglementation et cadres de politique publique	8.16	/fr/reports/wdr26/chapitre-08#wikirumours-la-vérification-collaborative-des-informations-pour-la-sécurité-et-la-prospérité-des-communautés-partie4-sur-4--lacunes-en-matière-de-politiques-et-de-cadres
